Coach Base,Fleet
2600 CB,26
2601 CB,26
2602 CB,26
2607 CB,26
2608 CB,26
2609 CB,26
2624 CB,26
2625 CB,26
2626 CB,26
2628 CB,26
2629 CB,26
2630 CB,26
2631 CB,26
2637 CB,26
2642 CB,26
2643 CB,26
2649 CB,26
2651 CB,26
2652 CB,26
2653 CB,26
2656 CB,26
2657 CB,26
2658 CB,26
2659 CB,26
2660 AB,26
2667 CB,26
2668 AB,26
2669 CB,26
2670 CB,26
2680 CB,26
2682 CB,26
2684 CB,26
2685 CB,26
2686 CB,26
2687 CB,26
2688 AB,26
2689 CB,26
2690 CB,26
2691 CB,26
2694 CB,26
2700 CB,26
2701 CB,26
2702 CB,26
2703 CB,26
2704 CB,26
2705 CB,26
2720 CB,26
Coach Base,Fleet
2721 CB,26
2729 CB,26
2731 CB,26
2732 CB,26
2733 CB,26
2734 CB,26
2736 CB,26
2738 CB,26
2739 CB,26
2743 NB,26
2744 NB,26
2746 CB,26
2747 CB,26
2750 CB,26
2753 CB,26
2754 NB,26
2757 NB,26
2758 NB,26
2759 NB,26
2760 NB,26
2771 CB,26
2773 CB,26
2774 CB,26
2775 CB,26
2776 CB,26
2778 CB,26
2779 CB,26
2780 CB,26
2782 CB,26
2783 CB,26
2786 CB,26
2787 CB,26
2788 CB,26
2789 CB,26
2790 CB,26
2791 CB,26
2792 CB,26
2794 CB,26
2795 CB,26
2796 NB,26
2797 CB,26
2798 CB,26
2799 CB,26
2800 CB,26
2801 CB,26
2802 CB,26
2803 CB,26
2805 CB,26
2806 CB,26
2807 CB,26
Coach Base,Fleet
2808 CB,26
2810 CB,26
2811 AB,26
2812 CB,26
3700 SB,37
3701 SB,37
3702 SB,37
3703 BB,37
3704 BB,37
3705 BB,37
3706 BB,37
3707 BB,37
3708 SB,37
3709 SB,37
3710 SB,37
3711 SB,37
3712 SB,37
3713 SB,37
3714 SB,37
3715 SB,37
3716 BB,37
3717 BB,37
3718 BB,37
3719 BB,37
3720 SB,37
3721 SB,37
3722 SB,37
3723 BB,37
3724 NB,37
3725 NB,37
3726 NB,37
3727 SB,37
3728 SB,37
3729 SB,37
3730 SB,37
3731 SB,37
3732 SB,37
3733 SB,37
3734 SB,37
3735 SB,37
3736 NB,37
3737 NB,37
3738 NB,37
3739 NB,37
3740 NB,37
3741 NB,37
3742 NB,37
3743 NB,37
3744 NB,37
3745 NB,37
Coach Base,Fleet
3746 NB,37
3747 NB,37
3748 NB,37
3749 SB,37
3750 SB,37
3751 SB,37
3752 SB,37
3753 SB,37
3754 SB,37
3755 SB,37
3756 SB,37
3757 SB,37
3758 SB,37
3759 SB,37
4300 AB,43
4301 AB,43
4302 AB,43
4303 AB,43
4304 AB,43
4305 AB,43
4306 AB,43
4307 AB,43
4308 AB,43
4309 AB,43
4310 AB,43
4311 AB,43
4312 AB,43
4313 AB,43
4314 AB,43
4315 AB,43
4316 AB,43
4317 AB,43
4318 AB,43
4319 AB,43
4320 AB,43
4321 AB,43
4322 AB,43
4323 AB,43
4324 AB,43
4325 AB,43
4326 AB,43
4327 AB,43
4328 AB,43
4329 AB,43
4330 AB,43
4331 AB,43
4332 AB,43
4333 AB,43
4334 AB,43
4335 AB,43
Coach Base,Fleet
4336 AB,43
4337 AB,43
4338 AB,43
4339 AB,43
4340 AB,43
4341 AB,43
4342 AB,43
4343 AB,43
4344 AB,43
4345 AB,43
4346 AB,43
4347 AB,43
4348 AB,43
4349 AB,43
4350 AB,43
4351 AB,43
4352 AB,43
4353 AB,43
4354 AB,43
4355 AB,43
4356 AB,43
4357 AB,43
4358 AB,43
4359 AB,43
4360 AB,43
4361 AB,43
4362 AB,43
4363 AB,43
4364 AB,43
4365 AB,43
4366 AB,43
4367 AB,43
4368 AB,43
4369 AB,43
4370 AB,43
4371 AB,43
4372 AB,43
4373 AB,43
4374 AB,43
4375 AB,43
4376 AB,43
4377 AB,43
4378 AB,43
4379 AB,43
4380 AB,43
4381 AB,43
4382 AB,43
4383 AB,43
4384 AB,43
4385 AB,43
Coach Base,Fleet
4386 AB,43
4387 AB,43
4388 AB,43
4389 AB,43
4390 AB,43
4391 AB,43
4392 AB,43
4393 AB,43
4394 AB,43
4395 AB,43
4396 AB,43
4397 AB,43
4398 AB,43
4399 AB,43
4400 AB,43
4401 AB,43
4402 AB,43
4403 AB,43
4404 AB,43
4405 AB,43
4406 AB,43
4407 AB,43
4408 AB,43
4409 AB,43
4500 AB,45
4501 AB,45
4502 AB,45
4503 AB,45
4504 AB,45
4505 AB,45
4506 AB,45
4507 AB,45
4508 AB,45
4509 AB,45
4510 AB,45
4511 AB,45
4512 AB,45
4513 AB,45
4514 AB,45
4515 AB,45
4516 AB,45
4517 AB,45
4518 AB,45
4519 AB,45
4520 AB,45
4521 AB,45
4522 AB,45
4523 AB,45
4524 AB,45
4525 AB,45
Coach Base,Fleet
4526 AB,45
4527 AB,45
4528 AB,45
4529 AB,45
4530 AB,45
4531 AB,45
4532 AB,45
4533 AB,45
4534 AB,45
4535 AB,45
4536 AB,45
4537 AB,45
4538 AB,45
4539 AB,45
4540 AB,45
4541 AB,45
4542 AB,45
4543 AB,45
4544 AB,45
4545 AB,45
4546 AB,45
4547 AB,45
4548 AB,45
4549 AB,45
4550 AB,45
4551 AB,45
4552 AB,45
4553 AB,45
4554 AB,45
4555 AB,45
4556 AB,45
4557 AB,45
4558 AB,45
4559 AB,45
4560 AB,45
4561 AB,45
4562 AB,45
4563 AB,45
4601 BB,46
4603 BB,46
4604 BB,46
4605 BB,46
4606 BB,46
4607 BB,46
4608 BB,46
4609 BB,46
4610 BB,46
4611 BB,46
6000 SB,60
6001 SB,60
Coach Base,Fleet
6002 SB,60
6003 SB,60
6004 SB,60
6005 SB,60
6006 SB,60
6007 SB,60
6008 SB,60
6009 SB,60
6010 SB,60
6011 SB,60
6012 SB,60
6013 SB,60
6014 SB,60
6015 SB,60
6016 SB,60
6017 SB,60
6018 SB,60
6019 SB,60
6020 EB,60
6021 EB,60
6022 EB,60
6023 EB,60
6024 EB,60
6025 EB,60
6026 EB,60
6027 EB,60
6028 EB,60
6029 EB,60
6030 EB,60
6031 EB,60
6032 EB,60
6033 EB,60
6034 EB,60
6035 EB,60
6040 AB,60
6041 AB,60
6042 AB,60
6043 AB,60
6044 AB,60
6045 AB,60
6046 AB,60
6047 AB,60
6048 AB,60
6049 AB,60
6050 AB,60
6051 AB,60
6052 AB,60
6053 AB,60
6054 AB,60
6055 AB,60
Coach Base,Fleet
6056 AB,60
6057 AB,60
6058 AB,60
6059 AB,60
6060 AB,60
6061 AB,60
6062 AB,60
6063 AB,60
6064 AB,60
6065 AB,60
6066 AB,60
6067 AB,60
6068 AB,60
6069 AB,60
6070 AB,60
6071 AB,60
6072 AB,60
6073 AB,60
6075 AB,60
6076 AB,60
6077 AB,60
6078 AB,60
6079 AB,60
6080 AB,60
6081 AB,60
6082 AB,60
6083 AB,60
6084 AB,60
6085 AB,60
6086 AB,60
6087 AB,60
6088 AB,60
6089 SB,60
6090 AB,60
6091 AB,60
6092 AB,60
6093 AB,60
6094 SB,60
6095 SB,60
6096 SB,60
6097 SB,60
6098 SB,60
6099 SB,60
6100 SB,60
6101 SB,60
6102 SB,60
6103 SB,60
6104 SB,60
6105 SB,60
6106 SB,60
Coach Base,Fleet
6107 SB,60
6108 AB,60
6109 AB,60
6110 AB,60
6111 AB,60
6112 AB,60
6113 AB,60
6114 AB,60
6115 AB,60
6116 AB,60
6117 AB,60
6200 AB,62
6201 AB,62
6202 AB,62
6203 AB,62
6204 AB,62
6205 AB,62
6206 AB,62
6207 AB,62
6208 AB,62
6209 AB,62
6210 AB,62
6211 AB,62
6212 AB,62
6213 AB,62
6214 AB,62
6215 AB,62
6216 AB,62
6217 AB,62
6218 AB,62
6219 AB,62
6220 AB,62
6221 AB,62
6222 AB,62
6223 AB,62
6224 AB,62
6225 AB,62
6226 AB,62
6227 AB,62
6228 AB,62
6229 AB,62
6230 AB,62
6231 AB,62
6232 AB,62
6233 AB,62
6234 AB,62
6235 AB,62
6236 AB,62
6237 AB,62
6238 AB,62
Coach Base,Fleet
6239 AB,62
6240 AB,62
6241 AB,62
6242 AB,62
6243 AB,62
6244 AB,62
6245 AB,62
6246 AB,62
6247 AB,62
6248 AB,62
6249 AB,62
6250 AB,62
6251 AB,62
6252 AB,62
6253 AB,62
6254 AB,62
6255 AB,62
6256 AB,62
6257 AB,62
6258 AB,62
6259 AB,62
6260 AB,62
6261 AB,62
6262 AB,62
6263 AB,62
6264 AB,62
6265 AB,62
6266 AB,62
6267 AB,62
6268 AB,62
6269 AB,62
6800 NB,68
6813 NB,68
6814 SB,68
6815 NB,68
6816 NB,68
6817 NB,68
6818 NB,68
6819 NB,68
6820 NB,68
6821 NB,68
6822 NB,68
6823 NB,68
6824 NB,68
6825 NB,68
6826 NB,68
6827 NB,68
6828 NB,68
6829 NB,68
6830 NB,68
Coach Base,Fleet
6831 NB,68
6832 NB,68
6833 NB,68
6834 NB,68
6835 NB,68
6836 NB,68
6837 NB,68
6838 NB,68
6839 NB,68
6840 NB,68
6841 NB,68
6842 NB,68
6843 NB,68
6844 NB,68
6845 NB,68
6846 NB,68
6847 NB,68
6848 NB,68
6849 NB,68
6850 NB,68
6851 NB,68
6852 NB,68
6853 NB,68
6854 NB,68
6855 NB,68
6856 NB,68
6857 NB,68
6858 NB,68
6859 NB,68
6860 NB,68
6861 NB,68
6862 NB,68
6863 SB,68
6864 SB,68
6865 NB,68
6866 NB,68
6867 NB,68
6868 NB,68
6869 NB,68
6870 NB,68
6871 NB,68
6872 EB,68
6873 NB,68
6874 SB,68
6875 NB,68
6876 NB,68
6877 NB,68
6878 NB,68
6879 NB,68
6880 EB,68
Coach Base,Fleet
6881 NB,68
6882 NB,68
6883 SB,68
6884 SB,68
6885 NB,68
6886 EB,68
6887 NB,68
6888 NB,68
6889 EB,68
6890 EB,68
6891 SB,68
6892 SB,68
6893 SB,68
6894 EB,68
6895 NB,68
6896 EB,68
6897 NB,68
6898 NB,68
6899 EB,68
6900 NB,68
6901 NB,68
6902 NB,68
6903 NB,68
6904 NB,68
6905 NB,68
6906 NB,68
6907 NB,68
6908 NB,68
6909 NB,68
6910 NB,68
6911 NB,68
6912 NB,68
6913 NB,68
6914 NB,68
6915 NB,68
6916 NB,68
6917 EB,68
6918 EB,68
6919 EB,68
6920 NB,68
6921 NB,68
6922 NB,68
6923 NB,68
6924 EB,68
6925 EB,68
6926 EB,68
6927 EB,68
6928 EB,68
6929 NB,68
6930 EB,68
Coach Base,Fleet
6931 EB,68
6932 EB,68
6933 EB,68
6934 NB,68
6935 NB,68
6936 NB,68
6937 NB,68
6938 NB,68
6939 NB,68
6940 NB,68
6941 NB,68
6942 NB,68
6943 NB,68
6944 NB,68
6945 NB,68
6946 NB,68
6947 NB,68
6948 NB,68
6949 NB,68
6950 NB,68
6951 NB,68
6952 NB,68
6953 NB,68
6954 SB,68
6955 SB,68
6956 SB,68
6957 SB,68
6959 SB,68
6960 NB,68
6961 NB,68
6962 NB,68
6963 NB,68
6964 NB,68
6965 NB,68
6966 NB,68
6967 EB,68
6968 EB,68
6969 EB,68
6970 EB,68
6971 EB,68
6972 EB,68
6973 EB,68
6974 EB,68
6975 EB,68
6976 EB,68
6977 EB,68
6978 EB,68
6979 EB,68
6980 EB,68
6981 SB,68
Coach Base,Fleet
6982 CB,68
6983 CB,68
6984 CB,68
6985 CB,68
6986 CB,68
6987 SB,68
6988 EB,68
6989 EB,68
6990 EB,68
6991 EB,68
6992 EB,68
6993 EB,68
6994 EB,68
6995 EB,68
6996 EB,68
6997 SB,68
6998 EB,68
6999 EB,68
7001 CB,70
7002 CB,70
7003 CB,70
7004 CB,70
7005 CB,70
7006 CB,70
7007 CB,70
7008 CB,70
7009 RB,70
7010 RB,70
7011 CB,70
7012 RB,70
7013 RB,70
7014 RB,70
7015 RB,70
7016 RB,70
7017 RB,70
7018 RB,70
7019 RB,70
7020 RB,70
7021 RB,70
7022 RB,70
7023 RB,70
7024 RB,70
7025 RB,70
7026 RB,70
7027 RB,70
7028 RB,70
7029 RB,70
7030 CB,70
7031 RB,70
7032 RB,70
Coach Base,Fleet
7033 CB,70
7034 RB,70
7035 SB,70
7036 SB,70
7037 SB,70
7038 CB,70
7039 CB,70
7040 RB,70
7041 RB,70
7042 RB,70
7043 RB,70
7044 RB,70
7045 CB,70
7046 RB,70
7047 RB,70
7048 RB,70
7049 RB,70
7050 RB,70
7051 RB,70
7052 RB,70
7053 RB,70
7054 RB,70
7055 SB,70
7056 RB,70
7057 RB,70
7058 RB,70
7059 SB,70
7060 RB,70
7061 SB,70
7062 SB,70
7063 SB,70
7064 SB,70
7065 CB,70
7066 CB,70
7067 CB,70
7068 CB,70
7069 CB,70
7070 CB,70
7071 CB,70
7072 CB,70
7073 CB,70
7074 CB,70
7075 CB,70
7076 CB,70
7077 CB,70
7078 CB,70
7079 CB,70
7080 CB,70
7081 CB,70
7082 CB,70
Coach Base,Fleet
7083 CB,70
7084 CB,70
7085 CB,70
7086 CB,70
7087 CB,70
7088 CB,70
7089 CB,70
7090 CB,70
7091 CB,70
7092 CB,70
7093 CB,70
7094 CB,70
7095 CB,70
7096 CB,70
7097 CB,70
7098 CB,70
7099 CB,70
7100 CB,70
7101 RB,70
7102 RB,70
7103 CB,70
7104 CB,70
7105 CB,70
7106 CB,70
7107 CB,70
7108 CB,70
7109 CB,70
7110 CB,70
7111 CB,70
7112 CB,70
7113 RB,70
7114 CB,70
7115 CB,70
7116 RB,70
7117 RB,70
7118 RB,70
7119 RB,70
7120 RB,70
7121 RB,70
7122 RB,70
7123 RB,70
7124 RB,70
7125 RB,70
7126 CB,70
7127 RB,70
7128 RB,70
7129 RB,70
7130 RB,70
7131 RB,70
7132 RB,70
Coach Base,Fleet
7133 RB,70
7134 RB,70
7135 RB,70
7136 RB,70
7137 RB,70
7138 RB,70
7139 RB,70
7140 SB,70
7141 SB,70
7142 SB,70
7143 SB,70
7144 SB,70
7145 SB,70
7146 SB,70
7147 RB,70
7148 RB,70
7149 RB,70
7150 SB,70
7151 SB,70
7152 SB,70
7153 RB,70
7154 SB,70
7155 SB,70
7156 SB,70
7157 CB,70
7158 CB,70
7159 CB,70
7160 CB,70
7161 SB,70
7162 SB,70
7163 SB,70
7164 CB,70
7165 SB,70
7166 SB,70
7167 CB,70
7168 SB,70
7169 SB,70
7170 SB,70
7171 SB,70
7172 SB,70
7173 SB,70
7174 SB,70
7175 SB,70
7176 SB,70
7177 SB,70
7178 SB,70
7179 SB,70
7180 SB,70
7181 SB,70
7182 SB,70
Coach Base,Fleet
7183 SB,70
7184 SB,70
7185 SB,70
7186 SB,70
7187 SB,70
7188 SB,70
7189 SB,70
7190 SB,70
7191 SB,70
7192 SB,70
7193 SB,70
7194 SB,70
7195 SB,70
7196 SB,70
7197 SB,70
7198 SB,70
7199 SB,70
7200 NB,72
7201 NB,72
7202 NB,72
7203 NB,72
7204 NB,72
7205 SB,72
7206 NB,72
7207 NB,72
7208 NB,72
7209 NB,72
7210 NB,72
7211 NB,72
7212 NB,72
7213 SB,72
7214 NB,72
7215 NB,72
7216 NB,72
7217 NB,72
7218 NB,72
7219 NB,72
7220 NB,72
7221 SB,72
7222 NB,72
7223 NB,72
7224 SB,72
7225 NB,72
7226 NB,72
7227 NB,72
7228 SB,72
7229 NB,72
7230 NB,72
7231 NB,72
7232 NB,72
Coach Base,Fleet
7233 NB,72
7234 SB,72
7235 SB,72
7236 NB,72
7237 NB,72
7238 NB,72
7239 NB,72
7240 NB,72
7241 SB,72
7242 NB,72
7243 NB,72
7244 NB,72
7245 NB,72
7246 SB,72
7247 NB,72
7248 NB,72
7249 SB,72
7250 NB,72
7251 NB,72
7252 NB,72
7253 NB,72
7254 NB,72
7255 NB,72
7256 NB,72
7257 SB,72
7258 SB,72
7259 NB,72
7300 BB,73
7301 BB,73
7302 BB,73
7303 BB,73
7304 BB,73
7305 BB,73
7306 BB,73
7307 BB,73
7308 BB,73
7309 BB,73
7310 BB,73
7311 BB,73
7312 BB,73
7313 BB,73
7314 BB,73
7315 BB,73
7316 BB,73
7317 BB,73
7318 BB,73
7319 BB,73
7320 BB,73
7321 BB,73
7322 BB,73
Coach Base,Fleet
7323 BB,73
7324 BB,73
7325 BB,73
7326 BB,73
7327 BB,73
7328 BB,73
7329 BB,73
7330 BB,73
7331 BB,73
7332 BB,73
7333 BB,73
7334 BB,73
7335 BB,73
7336 BB,73
7337 BB,73
7338 BB,73
7339 BB,73
7340 BB,73
7341 BB,73
7342 BB,73
7343 BB,73
7344 BB,73
7345 BB,73
7346 BB,73
7347 BB,73
7348 BB,73
7349 BB,73
7350 BB,73
7351 BB,73
7352 BB,73
7353 BB,73
7354 BB,73
7355 BB,73
7356 BB,73
7357 BB,73
7358 BB,73
7359 BB,73
7360 BB,73
7361 BB,73
7362 BB,73
7363 BB,73
7364 BB,73
7365 BB,73
7366 BB,73
7367 BB,73
7368 BB,73
7369 BB,73
7370 BB,73
7371 BB,73
7372 BB,73
Coach Base,Fleet
7373 BB,73
7374 BB,73
7375 BB,73
7376 BB,73
7377 BB,73
7378 BB,73
7379 BB,73
7380 BB,73
7381 BB,73
7382 BB,73
7383 BB,73
7384 BB,73
7385 BB,73
7386 BB,73
7387 BB,73
7388 BB,73
7389 BB,73
7390 SB,73
7391 SB,73
7392 SB,73
7393 SB,73
7394 SB,73
7395 SB,73
7396 SB,73
7397 SB,73
7398 SB,73
7399 SB,73
7400 BB,73
7401 BB,73
7402 BB,73
7403 BB,73
7404 BB,73
7405 BB,73
7406 BB,73
7407 BB,73
7408 BB,73
7409 BB,73
7410 BB,73
7411 BB,73
7412 BB,73
7413 BB,73
7414 BB,73
7415 BB,73
7416 BB,73
7417 BB,73
7418 BB,73
7419 BB,73
7420 BB,73
7421 BB,73
7422 BB,73
Coach Base,Fleet
7423 BB,73
7424 BB,73
7425 BB,73
7426 SB,73
7427 SB,73
7428 SB,73
7429 SB,73
7430 SB,73
7431 SB,73
7432 SB,73
7433 SB,73
7434 SB,73
7435 SB,73
7436 SB,73
7437 SB,73
7438 SB,73
7439 SB,73
7440 SB,73
7441 SB,73
7442 SB,73
7443 SB,73
7444 SB,73
7445 SB,73
7446 SB,73
7447 SB,73
7448 SB,73
7449 SB,73
7450 SB,73
7451 SB,73
7452 SB,73
7453 SB,73
7454 SB,73
7455 SB,73
7456 SB,73
7457 SB,73
7458 SB,73
7459 SB,73
7460 SB,73
7461 SB,73
7462 SB,73
7463 SB,73
7464 SB,73
7465 SB,73
7466 SB,73
7467 SB,73
7468 SB,73
7469 SB,73
7470 SB,73
7471 SB,73
7472 SB,73
Coach Base,Fleet
7473 SB,73
7474 SB,73
7475 SB,73
7476 SB,73
7477 SB,73
7478 SB,73
7479 SB,73
7480 SB,73
7481 SB,73
7482 SB,73
7483 SB,73
7484 SB,73
7485 SB,73
7486 SB,73
7487 SB,73
7488 SB,73
7489 SB,73
7490 SB,73
7491 SB,73
7492 SB,73
7493 SB,73
7494 SB,73
8000 RB,80
8001 RB,80
8002 RB,80
8003 RB,80
8004 RB,80
8005 RB,80
8006 RB,80
8007 RB,80
8008 RB,80
8009 RB,80
8010 RB,80
8011 RB,80
8012 RB,80
8013 RB,80
8014 RB,80
8015 RB,80
8016 RB,80
8017 RB,80
8018 RB,80
8019 RB,80
8020 RB,80
8021 RB,80
8022 RB,80
8023 RB,80
8024 RB,80
8025 RB,80
8026 RB,80
8027 RB,80
Coach Base,Fleet
8028 RB,80
8029 RB,80
8030 RB,80
8031 RB,80
8032 RB,80
8033 RB,80
8034 RB,80
8035 RB,80
8036 RB,80
8037 RB,80
8038 RB,80
8039 RB,80
8040 RB,80
8041 RB,80
8042 RB,80
8043 RB,80
8044 RB,80
8045 RB,80
8046 RB,80
8047 RB,80
8048 RB,80
8049 RB,80
8050 RB,80
8051 RB,80
8052 RB,80
8053 RB,80
8054 RB,80
8055 RB,80
8056 RB,80
8057 RB,80
8058 RB,80
8059 RB,80
8060 RB,80
8061 RB,80
8062 RB,80
8063 RB,80
8064 RB,80
8065 RB,80
8066 RB,80
8067 RB,80
8068 RB,80
8069 RB,80
8070 RB,80
8071 RB,80
8072 RB,80
8073 RB,80
8074 RB,80
8075 RB,80
8076 RB,80
8077 RB,80
Coach Base,Fleet
8078 RB,80
8079 RB,80
8080 RB,80
8081 RB,80
8082 RB,80
8083 RB,80
8084 RB,80
8100 SB,81
8101 SB,81
8102 SB,81
8103 SB,81
8104 SB,81
8105 SB,81
8106 SB,81
8107 SB,81
8108 SB,81
8109 SB,81
8110 SB,81
8111 SB,81
8112 SB,81
8113 SB,81
8114 SB,81
8115 SB,81
8116 SB,81
8117 SB,81
8118 SB,81
8119 SB,81
8120 SB,81
8121 SB,81
8122 SB,81
8123 SB,81
8124 SB,81
8125 SB,81
8126 SB,81
8127 SB,81
8128 SB,81
8129 SB,81
8130 SB,81
8131 SB,81
8132 SB,81
8133 SB,81
8134 SB,81
8135 SB,81
8136 SB,81
8137 SB,81
8138 SB,81
8139 SB,81
8140 SB,81
8141 SB,81
8142 SB,81
Coach Base,Fleet
8143 SB,81
8144 SB,81
8145 SB,81
8146 SB,81
8147 SB,81
8148 SB,81
8149 SB,81
8150 EB,81
8151 EB,81
8152 EB,81
8153 EB,81
8154 EB,81
8155 EB,81
8156 EB,81
8157 EB,81
8158 EB,81
8159 EB,81
8160 EB,81
8161 EB,81
8162 EB,81
8163 EB,81
8164 EB,81
8165 EB,81
8166 EB,81
8167 EB,81
8168 EB,81
8169 EB,81
8170 EB,81
8171 EB,81
8172 EB,81
8173 EB,81
8174 EB,81
8175 EB,81
8176 EB,81
8177 EB,81
8178 EB,81
8179 EB,81
8180 EB,81
8181 EB,81
8182 EB,81
8183 EB,81
8184 EB,81
8185 EB,81
8186 EB,81
8187 EB,81
8188 EB,81
8189 EB,81
8190 EB,81
8191 EB,81
8192 EB,81
Coach Base,Fleet
8193 EB,81
8194 EB,81
8195 EB,81
8196 EB,81
8197 EB,81
8198 EB,81
8199 EB,81
8200 RB,82
8201 RB,82
8202 RB,82
8203 RB,82
8204 RB,82
8205 RB,82
8206 RB,82
8207 RB,82
8208 RB,82
8209 RB,82
8210 RB,82
8211 RB,82
8212 RB,82
8213 RB,82
8214 RB,82
8215 RB,82
8216 RB,82
8217 RB,82
8218 RB,82
8219 RB,82
8220 RB,82
8221 RB,82
8222 RB,82
8223 RB,82
8224 RB,82
8225 RB,82
8226 RB,82
8227 RB,82
8228 RB,82
8229 RB,82
8230 RB,82
8231 RB,82
8232 RB,82
8233 RB,82
8234 RB,82
8235 RB,82
8236 RB,82
8237 RB,82
8238 RB,82
8239 RB,82
8240 RB,82
8241 RB,82
8242 RB,82
Coach Base,Fleet
8243 RB,82
8244 RB,82
8245 RB,82
8246 RB,82
8247 RB,82
8248 RB,82
8249 RB,82
8250 RB,82
8251 RB,82
8252 RB,82
8253 RB,82
8254 RB,82
8255 RB,82
8256 RB,82
8257 RB,82
8258 RB,82
8259 RB,82
8260 RB,82
8261 RB,82
8262 CB,82
8263 CB,82
8264 CB,82
8265 CB,82
8266 CB,82
8267 RB,82
8268 RB,82
8269 RB,82
8270 RB,82
8271 RB,82
8272 RB,82
8273 RB,82
8274 RB,82
8275 CB,82
8276 CB,82
8277 CB,82
8278 CB,82
8279 CB,82
8280 CB,82
8281 CB,82
8282 CB,82
8283 CB,82
8284 CB,82
8285 RB,82
8286 RB,82
8287 RB,82
8288 RB,82
8289 CB,82
8290 CB,82
8291 CB,82
8292 CB,82
Coach Base,Fleet
8293 CB,82
8294 CB,82
8295 CB,82
8296 CB,82
8297 CB,82
8298 CB,82
8299 CB,82
9124 EB,91
9125 EB,91
9126 EB,91
9567 EB,95
9568 EB,95
9569 EB,95
9570 EB,95
9571 EB,95
9572 EB,95
9573 EB,95
9574 EB,95
9575 EB,95
9576 EB,95
9577 EB,95
9578 EB,95
9579 EB,95
9581 EB,95
9582 EB,95
9583 EB,95
9584 EB,95
9585 EB,95
9586 EB,95
9587 EB,95
9588 EB,95
9589 EB,95
9590 EB,95
9591 EB,95
9592 EB,95
9593 EB,95
9595 EB,95
9596 EB,95
9622 EB,96
9623 EB,96
9624 EB,96
9625 EB,96
9626 EB,96
9627 EB,96
9628 EB,96
9629 EB,96
9630 EB,96
9631 EB,96
9632 EB,96
9633 EB,96
Coach Base,Fleet
9634 EB,96
9635 EB,96
9636 EB,96
9637 EB,96
9638 EB,96
9639 EB,96
9640 EB,96
9641 EB,96
9642 EB,96
9643 EB,96
9644 EB,96
9645 EB,96
9646 EB,96
9647 EB,96
9648 EB,96
9649 EB,96
9650 EB,96
9651 EB,96
9652 EB,96
9653 EB,96
9654 EB,96
9655 EB,96
9656 EB,96
9657 EB,96
9658 EB,96
9659 EB,96
9660 EB,96
9661 EB,96
9662 EB,96
9663 EB,96
9664 EB,96
9665 EB,96
9666 EB,96
9667 EB,96
9668 EB,96
9669 EB,96
9670 EB,96
9671 EB,96
9672 EB,96
9673 EB,96
9675 EB,96
9676 EB,96
9677 EB,96
9678 EB,96
9679 EB,96
9684 EB,96
9800 EB,95
9801 EB,95
9802 EB,95
9803 EB,95
Coach Base,Fleet
9804 EB,95
9805 EB,95
9806 EB,95
9807 EB,95
9808 EB,95
9809 EB,95
9810 EB,95
9811 EB,95
9812 EB,95
9813 EB,95
9814 EB,95
9815 EB,95
9816 EB,95
9817 EB,95
9818 EB,95
9819 EB,95
9820 EB,95
9821 EB,95
9822 EB,95
